,S_by_plot,S_by_page,S_difference,bandwidth,cell,function
0,0.5995192410287065,0.5507444912094265,0.04877474981927998,100,25,Martin_et_al_2000
1,0.5232726035254261,0.46885043888587696,0.054422164639549186,150,25,Martin_et_al_2000
2,0.4726760899258816,0.41613134206718705,0.056544747858694566,200,25,Martin_et_al_2000
3,0.4329542244114193,0.38429703290553263,0.048657191505886654,250,25,Martin_et_al_2000
4,0.4001451357738691,0.3639135946968123,0.03623154107705684,300,25,Martin_et_al_2000
