,S_by_plot,S_by_page,S_difference,bandwidth,cell,function
0,0.6015600262870521,0.5537068305428705,0.047853195744181565,100,50,biweight
1,0.4729949323241799,0.4157209635847354,0.05727396873944446,200,50,biweight
2,0.432982236207308,0.38444717606428125,0.048535060143026776,250,50,biweight
3,0.4002097360527719,0.36388931086698806,0.03632042518578382,300,50,biweight
4,0.3469018154015473,0.33310811481351066,0.01379370058803664,400,50,biweight
5,0.3023222656806569,0.3052306728899573,-0.002908407209300412,500,50,biweight
